"","Treatment","Sex","Diet","Fungal","Female","Diet_C.C","Diet_G.G","Diet_C.G","Diet_G.C","est","day","Diet_C/C","Diet_G/G","Diet_C/G","Diet_G/C","lower","upper"
"1","Control","Female","C/C",0,1,1,0,0,0,1,0,1,0,0,0,1,1
"2","Control","Female","C/C",0,1,1,0,0,0,0.996025131977509,1,1,0,0,0,0.992275684556986,0.998871428756027
"3","Control","Female","C/C",0,1,1,0,0,0,0.995272970932603,2,1,0,0,0,0.990750508684141,0.99869211802155
"4","Control","Female","C/C",0,1,1,0,0,0,0.994809810213914,3,1,0,0,0,0.989793200499636,0.998568259483779
"5","Control","Female","C/C",0,1,1,0,0,0,0.994795283413699,4,1,0,0,0,0.989787777141576,0.998568011902442
"6","Control","Female","C/C",0,1,1,0,0,0,0.994753862231975,5,1,0,0,0,0.989767576792531,0.998566985807458
"7","Control","Female","C/C",0,1,1,0,0,0,0.994618576919556,6,1,0,0,0,0.989705735862437,0.998442270648396
"8","Control","Female","C/C",0,1,1,0,0,0,0.994407540125906,7,1,0,0,0,0.989605882727664,0.998375271842707
"9","Control","Female","C/C",0,1,1,0,0,0,0.99415781921462,8,1,0,0,0,0.989481309829977,0.998221507490316
"10","Control","Female","C/C",0,1,1,0,0,0,0.993846928343587,9,1,0,0,0,0.989319539762546,0.998027788358642
"11","Control","Female","C/C",0,1,1,0,0,0,0.992462469635931,10,1,0,0,0,0.986882351801741,0.996810962897239
"12","Control","Female","C/C",0,1,1,0,0,0,0.991052772583109,11,1,0,0,0,0.984285553831537,0.996047808723738
"13","Control","Female","C/C",0,1,1,0,0,0,0.989744248230388,12,1,0,0,0,0.981624151890282,0.995589320604449
"14","Control","Male","C/C",0,0,1,0,0,0,1,0,1,0,0,0,1,1
"15","Control","Male","C/C",0,0,1,0,0,0,0.995181238442283,1,1,0,0,0,0.991856739210133,0.998474840791706
"16","Control","Male","C/C",0,0,1,0,0,0,0.994269848020138,2,1,0,0,0,0.990040396932324,0.998223862238021
"17","Control","Male","C/C",0,0,1,0,0,0,0.993708711006613,3,1,0,0,0,0.988807971407057,0.998094223905231
"18","Control","Male","C/C",0,0,1,0,0,0,0.993673733857005,4,1,0,0,0,0.988731409319527,0.998072537932017
"19","Control","Male","C/C",0,0,1,0,0,0,0.993574005259764,5,1,0,0,0,0.988587211201841,0.997968231916966
"20","Control","Male","C/C",0,0,1,0,0,0,0.993248323477029,6,1,0,0,0,0.988070806290756,0.997825588163081
"21","Control","Male","C/C",0,0,1,0,0,0,0.992740404603007,7,1,0,0,0,0.987546909718101,0.997541397168444
"22","Control","Male","C/C",0,0,1,0,0,0,0.992139577980398,8,1,0,0,0,0.987274827770096,0.997199707861276
"23","Control","Male","C/C",0,0,1,0,0,0,0.991391874310101,9,1,0,0,0,0.986423337904392,0.997053643089143
"24","Control","Male","C/C",0,0,1,0,0,0,0.990004295940278,10,1,0,0,0,0.984931802194397,0.995798957619637
"25","Control","Male","C/C",0,0,1,0,0,0,0.98859143177922,11,1,0,0,0,0.98284512041506,0.99462803709677
"26","Control","Male","C/C",0,0,1,0,0,0,0.987279976140956,12,1,0,0,0,0.980240007386499,0.993748544177902
"27","Control","Female","G/G",0,1,0,1,0,0,1,0,0,1,0,0,1,1
"28","Control","Female","G/G",0,1,0,1,0,0,0.988239480215552,1,0,1,0,0,0.980252133218884,0.993039588878402
"29","Control","Female","G/G",0,1,0,1,0,0,0.98602442168337,2,0,1,0,0,0.977643173642367,0.991663939629148
"30","Control","Female","G/G",0,1,0,1,0,0,0.98466208746331,3,0,1,0,0,0.97553304756934,0.990609783669495
"31","Control","Female","G/G",0,1,0,1,0,0,0.98461899814899,4,0,1,0,0,0.97551258416061,0.99057464534291
"32","Control","Female","G/G",0,1,0,1,0,0,0.98449614176796,5,0,1,0,0,0.975456725896392,0.990478365579883
"33","Control","Female","G/G",0,1,0,1,0,0,0.984094952915817,6,0,1,0,0,0.975279595938584,0.990119466224999
"34","Control","Female","G/G",0,1,0,1,0,0,0.983469340430042,7,0,1,0,0,0.974572290092038,0.989599304240594
"35","Control","Female","G/G",0,1,0,1,0,0,0.982729392381907,8,0,1,0,0,0.974228344091901,0.98900557375173
"36","Control","Female","G/G",0,1,0,1,0,0,0.981808710123051,9,0,1,0,0,0.97303467686696,0.988290193397614
"37","Control","Female","G/G",0,1,0,1,0,0,0.980990339320481,10,0,1,0,0,0.971915278563846,0.987766297763979
"38","Control","Female","G/G",0,1,0,1,0,0,0.980156578354799,11,0,1,0,0,0.971302891926371,0.9871956347179
"39","Control","Female","G/G",0,1,0,1,0,0,0.979382229113049,12,0,1,0,0,0.970397781674945,0.986818941154494
"40","Control","Male","G/G",0,0,0,1,0,0,1,0,0,1,0,0,1,1
"41","Control","Male","G/G",0,0,0,1,0,0,0.985754501837791,1,0,1,0,0,0.977027065753499,0.991485389944258
"42","Control","Male","G/G",0,0,0,1,0,0,0.983075427491155,2,0,1,0,0,0.974393443772892,0.990162252894126
"43","Control","Male","G/G",0,0,0,1,0,0,0.981428344040989,3,0,1,0,0,0.971906338458553,0.989437275963098
"44","Control","Male","G/G",0,0,0,1,0,0,0.981324823282394,4,0,1,0,0,0.971756781069008,0.989407214682065
"45","Control","Male","G/G",0,0,0,1,0,0,0.981029699668378,5,0,1,0,0,0.971171726665998,0.989189064122895
"46","Control","Male","G/G",0,0,0,1,0,0,0.980066332018987,6,0,1,0,0,0.969730780993967,0.988127907024723
"47","Control","Male","G/G",0,0,0,1,0,0,0.97856516496433,7,0,1,0,0,0.968201644352574,0.986694501925248
"48","Control","Male","G/G",0,0,0,1,0,0,0.97679138573609,8,0,1,0,0,0.96509152285582,0.98522292195956
"49","Control","Male","G/G",0,0,0,1,0,0,0.974586985048339,9,0,1,0,0,0.960861561916781,0.983499692662635
"50","Control","Male","G/G",0,0,0,1,0,0,0.973770785992242,10,0,1,0,0,0.960024827276438,0.982127130799675
"51","Control","Male","G/G",0,0,0,1,0,0,0.972939240932688,11,0,1,0,0,0.959067403847514,0.981009276668785
"52","Control","Male","G/G",0,0,0,1,0,0,0.972166952699148,12,0,1,0,0,0.958492563521885,0.980660508133643
"53","Control","Female","C/G",0,1,0,0,1,0,1,0,0,0,1,0,1,1
"54","Control","Female","C/G",0,1,0,0,1,0,0.992539103789362,1,0,0,1,0,0.986407492844778,0.996241558931786
"55","Control","Female","C/G",0,1,0,0,1,0,0.991130228095744,2,0,0,1,0,0.984627260407297,0.995578495823121
"56","Control","Female","C/G",0,1,0,0,1,0,0.990263146124369,3,0,0,1,0,0.982918450990654,0.995113417525496
"57","Control","Female","C/G",0,1,0,0,1,0,0.990254463149937,4,0,0,1,0,0.982913156586331,0.995091188530124
"58","Control","Female","C/G",0,1,0,0,1,0,0.9902297045591,5,0,0,1,0,0.982888235861091,0.995041284466408
"59","Control","Female","C/G",0,1,0,0,1,0,0.990148837900438,6,0,0,1,0,0.982872425091713,0.994845038298912
"60","Control","Female","C/G",0,1,0,0,1,0,0.990022682095347,7,0,0,1,0,0.982869957264688,0.994833930929621
"61","Control","Female","C/G",0,1,0,0,1,0,0.989873387470916,8,0,0,1,0,0.982581044656367,0.994833930747433
"62","Control","Female","C/G",0,1,0,0,1,0,0.989687501697066,9,0,0,1,0,0.982310364788893,0.994833930511203
"63","Control","Female","C/G",0,1,0,0,1,0,0.988697575629422,10,0,0,1,0,0.981419169676728,0.993658565991912
"64","Control","Female","C/G",0,1,0,0,1,0,0.987689203080481,11,0,0,1,0,0.979930475459846,0.993398914737716
"65","Control","Female","C/G",0,1,0,0,1,0,0.98675283835397,12,0,0,1,0,0.978822628821798,0.993353694142572
"66","Control","Male","C/G",0,0,0,0,1,0,1,0,0,0,1,0,1,1
"67","Control","Male","C/G",0,0,0,0,1,0,0.990958467724804,1,0,0,1,0,0.980918363885265,0.996149746003668
"68","Control","Male","C/G",0,0,0,0,1,0,0.989252732874337,2,0,0,1,0,0.979408599380984,0.995415371789324
"69","Control","Male","C/G",0,0,0,0,1,0,0.988203207604685,3,0,0,1,0,0.978123727409167,0.994773292097247
"70","Control","Male","C/G",0,0,0,0,1,0,0.988182321311737,4,0,0,1,0,0.978095130295605,0.994773292068278
"71","Control","Male","C/G",0,0,0,0,1,0,0.988122767656511,5,0,0,1,0,0.978032594170484,0.994773291990553
"72","Control","Male","C/G",0,0,0,0,1,0,0.987928267780759,6,0,0,1,0,0.97783968988404,0.994773291724779
"73","Control","Male","C/G",0,0,0,0,1,0,0.987624883530625,7,0,0,1,0,0.977497395560815,0.994773291340349
"74","Control","Male","C/G",0,0,0,0,1,0,0.987265924612716,8,0,0,1,0,0.977116563672417,0.994627621710918
"75","Control","Male","C/G",0,0,0,0,1,0,0.986819093895126,9,0,0,1,0,0.976663909469889,0.994627621378148
"76","Control","Male","C/G",0,0,0,0,1,0,0.985827361996735,10,0,0,1,0,0.976357856168461,0.993237184605544
"77","Control","Male","C/G",0,0,0,0,1,0,0.984817154804462,11,0,0,1,0,0.975770923949287,0.992465347338985
"78","Control","Male","C/G",0,0,0,0,1,0,0.983879090822463,12,0,0,1,0,0.974290860209797,0.99181271072482
"79","Control","Female","G/C",0,1,0,0,0,1,1,0,0,0,0,1,1,1
"80","Control","Female","G/C",0,1,0,0,0,1,0.998205210900261,1,0,0,0,1,0.995917052204003,0.999999998860282
"81","Control","Female","G/C",0,1,0,0,0,1,0.997865142257158,2,0,0,0,1,0.995017912084187,0.999999998648145
"82","Control","Female","G/C",0,1,0,0,0,1,0.997655666863665,3,0,0,0,1,0.994285308757773,0.99999999858733
"83","Control","Female","G/C",0,1,0,0,0,1,0.99759416274964,4,0,0,0,1,0.994243392741004,0.99991650756263
"84","Control","Female","G/C",0,1,0,0,0,1,0.997418808077834,5,0,0,0,1,0.994138554309608,0.999615530089139
"85","Control","Female","G/C",0,1,0,0,0,1,0.996846247786652,6,0,0,0,1,0.99374491363217,0.998905126689106
"86","Control","Female","G/C",0,1,0,0,0,1,0.995953589685436,7,0,0,0,1,0.992710208485093,0.99853009579404
"87","Control","Female","G/C",0,1,0,0,0,1,0.994898090958386,8,0,0,0,1,0.991039871211793,0.998071220034976
"88","Control","Female","G/C",0,1,0,0,0,1,0.993585237501837,9,0,0,0,1,0.989099235174791,0.997641374926387
"89","Control","Female","G/C",0,1,0,0,0,1,0.991537193101831,10,0,0,0,1,0.986414452872614,0.996305817115592
"90","Control","Female","G/C",0,1,0,0,0,1,0.98945322253026,11,0,0,0,1,0.983329888452257,0.995165935789622
"91","Control","Female","G/C",0,1,0,0,0,1,0.98752009007631,12,0,0,0,1,0.980491467436909,0.994479875120715
"92","Control","Male","G/C",0,0,0,0,0,1,1,0,0,0,0,1,1,1
"93","Control","Male","G/C",0,0,0,0,0,1,0.997823658318469,1,0,0,0,1,0.994723405521374,0.999999998633118
"94","Control","Male","G/C",0,0,0,0,0,1,0.997411388583644,2,0,0,0,1,0.993752221418333,0.999999998434076
"95","Control","Male","G/C",0,0,0,0,0,1,0.997157453661623,3,0,0,0,1,0.99273505035038,0.999999998310515
"96","Control","Male","G/C",0,0,0,0,0,1,0.997009280947228,4,0,0,0,1,0.992564988046166,0.999832778953413
"97","Control","Male","G/C",0,0,0,0,0,1,0.996586895749997,5,0,0,0,1,0.992124906885522,0.99923196258947
"98","Control","Male","G/C",0,0,0,0,0,1,0.995208471541314,6,0,0,0,1,0.990643079764694,0.997977123846652
"99","Control","Male","G/C",0,0,0,0,0,1,0.993061646743367,7,0,0,0,1,0.986907385280597,0.996651213860838
"100","Control","Male","G/C",0,0,0,0,0,1,0.990526692967836,8,0,0,0,1,0.982937027337098,0.995539887995766
"101","Control","Male","G/C",0,0,0,0,0,1,0.987378948646346,9,0,0,0,1,0.976799975654732,0.994323585152661
"102","Control","Male","G/C",0,0,0,0,0,1,0.985334062788257,10,0,0,0,1,0.974991605842323,0.992603030633072
"103","Control","Male","G/C",0,0,0,0,0,1,0.983253326709438,11,0,0,0,1,0.972783372424581,0.991442475001075
"104","Control","Male","G/C",0,0,0,0,0,1,0.981323213200454,12,0,0,0,1,0.970405820589605,0.990231308763202
"105","Fungal","Female","C/C",1,1,1,0,0,0,1,0,1,0,0,0,1,1
"106","Fungal","Female","C/C",1,1,1,0,0,0,0.983582904217714,1,1,0,0,0,0.973531485216766,0.991026772252385
"107","Fungal","Female","C/C",1,1,1,0,0,0,0.980499485300346,2,1,0,0,0,0.969370540198828,0.989673246349893
"108","Fungal","Female","C/C",1,1,1,0,0,0,0.978604453347862,3,1,0,0,0,0.966872702392533,0.988340428677282
"109","Fungal","Female","C/C",1,1,1,0,0,0,0.972745565380233,4,1,0,0,0,0.961149967394578,0.983045673554174
"110","Fungal","Female","C/C",1,1,1,0,0,0,0.956231179181831,5,1,0,0,0,0.942921900919054,0.967840705467531
"111","Fungal","Female","C/C",1,1,1,0,0,0,0.904217532139106,6,1,0,0,0,0.884471600930225,0.921071585502127
"112","Fungal","Female","C/C",1,1,1,0,0,0,0.828658235884991,7,1,0,0,0,0.799351949981478,0.854098137669826
"113","Fungal","Female","C/C",1,1,1,0,0,0,0.747344406956331,8,1,0,0,0,0.711690629749341,0.774715976981873
"114","Fungal","Female","C/C",1,1,1,0,0,0,0.657147835068882,9,1,0,0,0,0.614010416919379,0.693525427359
"115","Fungal","Female","C/C",1,1,1,0,0,0,0.607729768876917,10,1,0,0,0,0.569731444293782,0.645196961168812
"116","Fungal","Female","C/C",1,1,1,0,0,0,0.561164631747216,11,1,0,0,0,0.519421424874824,0.598387172783859
"117","Fungal","Female","C/C",1,1,1,0,0,0,0.521087476650214,12,1,0,0,0,0.47740288918318,0.560873873534541
"118","Fungal","Male","C/C",1,0,1,0,0,0,1,0,1,0,0,0,1,1
"119","Fungal","Male","C/C",1,0,1,0,0,0,0.981712861216386,1,1,0,0,0,0.971405084760345,0.989421573010088
"120","Fungal","Male","C/C",1,0,1,0,0,0,0.97828211044227,2,1,0,0,0,0.966451548939181,0.986755316331411
"121","Fungal","Male","C/C",1,0,1,0,0,0,0.976174227604046,3,1,0,0,0,0.963539920477169,0.985249486266725
"122","Fungal","Male","C/C",1,0,1,0,0,0,0.974625440302633,4,1,0,0,0,0.961605385566876,0.9840775280697
"123","Fungal","Male","C/C",1,0,1,0,0,0,0.97022264117143,5,1,0,0,0,0.957001863696709,0.980402610433883
"124","Fungal","Male","C/C",1,0,1,0,0,0,0.955979537850447,6,1,0,0,0,0.943311256372847,0.966830749391595
"125","Fungal","Male","C/C",1,0,1,0,0,0,0.934173760469263,7,1,0,0,0,0.919461237820189,0.947250599518089
"126","Fungal","Male","C/C",1,0,1,0,0,0,0.909006726577798,8,1,0,0,0,0.890995349515531,0.926019340168498
"127","Fungal","Male","C/C",1,0,1,0,0,0,0.878611898741524,9,1,0,0,0,0.85448510486357,0.901445466455867
"128","Fungal","Male","C/C",1,0,1,0,0,0,0.832249736125038,10,1,0,0,0,0.808829259172914,0.852944008354777
"129","Fungal","Male","C/C",1,0,1,0,0,0,0.787494067896368,11,1,0,0,0,0.759583347002766,0.815141692342627
"130","Fungal","Male","C/C",1,0,1,0,0,0,0.748054523008597,12,1,0,0,0,0.714418216076965,0.780669541903254
"131","Fungal","Female","G/G",1,1,0,1,0,0,1,0,0,1,0,0,1,1
"132","Fungal","Female","G/G",1,1,0,1,0,0,0.994190209168362,1,0,1,0,0,0.989923145894433,0.99761277617963
"133","Fungal","Female","G/G",1,1,0,1,0,0,0.993092033166029,2,0,1,0,0,0.988025828885179,0.997018593806399
"134","Fungal","Female","G/G",1,1,0,1,0,0,0.99241599676722,3,0,1,0,0,0.98734058617154,0.99678820615073
"135","Fungal","Female","G/G",1,1,0,1,0,0,0.991111767722692,4,0,1,0,0,0.985690479712791,0.995468719011271
"136","Fungal","Female","G/G",1,1,0,1,0,0,0.987402236765616,5,0,1,0,0,0.982089308888189,0.99167509147
"137","Fungal","Female","G/G",1,1,0,1,0,0,0.975381966189687,6,0,1,0,0,0.968877512999622,0.981554591848632
"138","Fungal","Female","G/G",1,1,0,1,0,0,0.956919406674621,7,0,1,0,0,0.947936380245772,0.967577198660169
"139","Fungal","Female","G/G",1,1,0,1,0,0,0.935518570097991,8,0,1,0,0,0.92137773307889,0.951100805421713
"140","Fungal","Female","G/G",1,1,0,1,0,0,0.909535910364488,9,0,1,0,0,0.889154367126239,0.929671733325491
"141","Fungal","Female","G/G",1,1,0,1,0,0,0.881976632948009,10,0,1,0,0,0.864043302668144,0.903205519643255
"142","Fungal","Female","G/G",1,1,0,1,0,0,0.854735103030207,11,0,1,0,0,0.835246052107353,0.876797830436894
"143","Fungal","Female","G/G",1,1,0,1,0,0,0.830169050441731,12,0,1,0,0,0.808844735204524,0.85756538436395
"144","Fungal","Male","G/G",1,0,0,1,0,0,1,0,0,1,0,0,1,1
"145","Fungal","Male","G/G",1,0,0,1,0,0,0.993524450110193,1,0,1,0,0,0.988159645265384,0.997619544806779
"146","Fungal","Male","G/G",1,0,0,1,0,0,0.992300919300338,2,0,1,0,0,0.986182469270628,0.996990345908164
"147","Fungal","Male","G/G",1,0,0,1,0,0,0.991547791904026,3,0,1,0,0,0.985122043519091,0.996803296123171
"148","Fungal","Male","G/G",1,0,0,1,0,0,0.991203059853505,4,0,1,0,0,0.984943760464249,0.996467602667065
"149","Fungal","Male","G/G",1,0,0,1,0,0,0.990220733955401,5,0,1,0,0,0.984142142541603,0.995629188231183
"150","Fungal","Male","G/G",1,0,0,1,0,0,0.987018862338737,6,0,1,0,0,0.98091505977697,0.992576935448879
"151","Fungal","Male","G/G",1,0,0,1,0,0,0.982043934557443,7,0,1,0,0,0.975704197787723,0.988801698596617
"152","Fungal","Male","G/G",1,0,0,1,0,0,0.976188106131881,8,0,1,0,0,0.967911967728271,0.983773127127079
"153","Fungal","Male","G/G",1,0,0,1,0,0,0.968944610056034,9,0,1,0,0,0.959899445671447,0.977938905264226
"154","Fungal","Male","G/G",1,0,0,1,0,0,0.948490377727257,10,0,1,0,0,0.93877167509164,0.958434785604411
"155","Fungal","Male","G/G",1,0,0,1,0,0,0.928078473194762,11,0,1,0,0,0.917090350556022,0.939735926250392
"156","Fungal","Male","G/G",1,0,0,1,0,0,0.909499627089231,12,0,1,0,0,0.893374673156687,0.924898912433974
"157","Fungal","Female","C/G",1,1,0,0,1,0,1,0,0,0,1,0,1,1
"158","Fungal","Female","C/G",1,1,0,0,1,0,0.997337809306657,1,0,0,1,0,0.993619155940116,0.999999999158064
"159","Fungal","Female","C/G",1,1,0,0,1,0,0.99683365012893,2,0,0,1,0,0.992140498487655,0.999999999027802
"160","Fungal","Female","C/G",1,1,0,0,1,0,0.996523139669513,3,0,0,1,0,0.991310783748663,0.999999998873981
"161","Fungal","Female","C/G",1,1,0,0,1,0,0.994149560837279,4,0,0,1,0,0.989152163083896,0.998529966141847
"162","Fungal","Female","C/G",1,1,0,0,1,0,0.98741243390476,5,0,0,1,0,0.981382044282212,0.992804541661938
"163","Fungal","Female","C/G",1,1,0,0,1,0,0.965722912725017,6,0,0,1,0,0.957101948256587,0.97661684213418
"164","Fungal","Female","C/G",1,1,0,0,1,0,0.932830332325008,7,0,0,1,0,0.918769059075573,0.948566814084156
"165","Fungal","Female","C/G",1,1,0,0,1,0,0.895344021268959,8,0,0,1,0,0.875875580378451,0.919130243011267
"166","Fungal","Female","C/G",1,1,0,0,1,0,0.850761205698061,9,0,0,1,0,0.824962135080766,0.882285899632961
"167","Fungal","Female","C/G",1,1,0,0,1,0,0.813962906807547,10,0,0,1,0,0.782884599179638,0.844352834864506
"168","Fungal","Female","C/G",1,1,0,0,1,0,0.778079437880565,11,0,0,1,0,0.740478245914213,0.811127147742383
"169","Fungal","Female","C/G",1,1,0,0,1,0,0.74614564599313,12,0,0,1,0,0.704783835685045,0.779033558653571
"170","Fungal","Male","C/G",1,0,0,0,1,0,1,0,0,0,1,0,1,1
"171","Fungal","Male","C/G",1,0,0,0,1,0,0.999999992532157,1,0,0,1,0,0.999999991984291,0.999999999577767
"172","Fungal","Male","C/G",1,0,0,0,1,0,0.99999999111567,2,0,0,1,0,0.999999990403704,0.999999999512456
"173","Fungal","Male","C/G",1,0,0,0,1,0,0.999999990242903,3,0,0,1,0,0.99999998957935,0.999999999462635
"174","Fungal","Male","C/G",1,0,0,0,1,0,0.999654351593823,4,0,0,1,0,0.999342275123458,0.999885992337702
"175","Fungal","Male","C/G",1,0,0,0,1,0,0.998669438456861,5,0,0,1,0,0.99766822197624,0.99939494370591
"176","Fungal","Male","C/G",1,0,0,0,1,0,0.995459094108724,6,0,0,1,0,0.992807499034851,0.997597556433722
"177","Fungal","Male","C/G",1,0,0,0,1,0,0.990470880915894,7,0,0,1,0,0.985405063308257,0.994883835928059
"178","Fungal","Male","C/G",1,0,0,0,1,0,0.984599225330971,8,0,0,1,0,0.976343552833936,0.991687990955404
"179","Fungal","Male","C/G",1,0,0,0,1,0,0.977335866497485,9,0,0,1,0,0.965141303415899,0.987773220915478
"180","Fungal","Male","C/G",1,0,0,0,1,0,0.974991859892658,10,0,0,1,0,0.963145978942627,0.986052462148009
"181","Fungal","Male","C/G",1,0,0,0,1,0,0.97260754902933,11,0,0,1,0,0.961175492678793,0.983878802871787
"182","Fungal","Male","C/G",1,0,0,0,1,0,0.970396549930216,12,0,0,1,0,0.956475350136116,0.982591694789864
"183","Fungal","Female","G/C",1,1,0,0,0,1,1,0,0,0,0,1,1,1
"184","Fungal","Female","G/C",1,1,0,0,0,1,0.992509896010828,1,0,0,0,1,0.986917425829218,0.997551490047696
"185","Fungal","Female","G/C",1,1,0,0,0,1,0.991095529660179,2,0,0,0,1,0.984672979405533,0.997150862027317
"186","Fungal","Female","G/C",1,1,0,0,0,1,0.990225072431722,3,0,0,0,1,0.98365906322127,0.996739084232429
"187","Fungal","Female","G/C",1,1,0,0,0,1,0.983983950894254,4,0,0,0,1,0.97561593542699,0.991265681198462
"188","Fungal","Female","G/C",1,1,0,0,0,1,0.966402905859347,5,0,0,0,1,0.957651721089166,0.975754356416954
"189","Fungal","Female","G/C",1,1,0,0,0,1,0.911135908578496,6,0,0,0,1,0.894560125632276,0.926666942691852
"190","Fungal","Female","G/C",1,1,0,0,0,1,0.83115243948879,7,0,0,0,1,0.809392161195105,0.854938989522613
"191","Fungal","Female","G/C",1,1,0,0,0,1,0.745509079781661,8,0,0,0,1,0.710787231366121,0.775049263314866
"192","Fungal","Female","G/C",1,1,0,0,0,1,0.651088489928562,9,0,0,0,1,0.61719601894513,0.689156130952015
"193","Fungal","Female","G/C",1,1,0,0,0,1,0.599043171246264,10,0,0,0,1,0.5572517952181,0.631358689207174
"194","Fungal","Female","G/C",1,1,0,0,0,1,0.55025594093637,11,0,0,0,1,0.509566583268744,0.584537346163854
"195","Fungal","Female","G/C",1,1,0,0,0,1,0.508478002774223,12,0,0,0,1,0.463745384608798,0.545099127066037
"196","Fungal","Male","G/C",1,0,0,0,0,1,1,0,0,0,0,1,1,1
"197","Fungal","Male","G/C",1,0,0,0,0,1,0.995001939607933,1,0,0,0,1,0.99048993084082,0.998750470316432
"198","Fungal","Male","G/C",1,0,0,0,0,1,0.994056739105064,2,0,0,0,1,0.988827587773488,0.998525697975831
"199","Fungal","Male","G/C",1,0,0,0,0,1,0.993474801522795,3,0,0,0,1,0.988526676102293,0.998368446295984
"200","Fungal","Male","G/C",1,0,0,0,0,1,0.991756796451065,4,0,0,0,1,0.985841616429263,0.996545195778769
"201","Fungal","Male","G/C",1,0,0,0,0,1,0.986874298685834,5,0,0,0,1,0.98083677632242,0.992053751408947
"202","Fungal","Male","G/C",1,0,0,0,0,1,0.971093067275718,6,0,0,0,1,0.961513978270942,0.978677524585013
"203","Fungal","Male","G/C",1,0,0,0,0,1,0.946973540720715,7,0,0,0,1,0.935217808201722,0.959710204966662
"204","Fungal","Male","G/C",1,0,0,0,0,1,0.919199115060348,8,0,0,0,1,0.903096208034118,0.937518169004755
"205","Fungal","Male","G/C",1,0,0,0,0,1,0.88574762200567,9,0,0,0,1,0.862450469077591,0.911058555230725
"206","Fungal","Male","G/C",1,0,0,0,0,1,0.822583207049298,10,0,0,0,1,0.798129050874632,0.851071840661962
"207","Fungal","Male","G/C",1,0,0,0,0,1,0.762812624020272,11,0,0,0,1,0.733940442467855,0.796759763651796
"208","Fungal","Male","G/C",1,0,0,0,0,1,0.711156968465541,12,0,0,0,1,0.675744857031002,0.746208353967383
