"","Treatment","Sex","Diet","Fungal","Female","Diet_C.C","Diet_C.G","Diet_G.C","Diet_G.G","est","day","Diet_C/C","Diet_C/G","Diet_G/C","Diet_G/G","lower","upper"
"1","Control","Female","C/C",0,1,1,0,0,0,1,0,1,0,0,0,1,1
"2","Control","Female","C/C",0,1,1,0,0,0,0.996025397993637,1,1,0,0,0,0.991325565524969,1.00030740881446
"3","Control","Female","C/C",0,1,1,0,0,0,0.995273072617106,2,1,0,0,0,0.989235479120719,1.00034496787905
"4","Control","Female","C/C",0,1,1,0,0,0,0.994809809214397,3,1,0,0,0,0.988092967368599,1.00038562407987
"5","Control","Female","C/C",0,1,1,0,0,0,0.994809809196306,4,1,0,0,0,0.988092967328429,1.00038562407548
"6","Control","Female","C/C",0,1,1,0,0,0,0.994809809144763,5,1,0,0,0,0.988092967273769,1.00038562406341
"7","Control","Female","C/C",0,1,1,0,0,0,0.994662453535516,6,1,0,0,0,0.987849633125619,1.00038562402396
"8","Control","Female","C/C",0,1,1,0,0,0,0.994430877609494,7,1,0,0,0,0.98744399284091,1.00038562397831
"9","Control","Female","C/C",0,1,1,0,0,0,0.994154290468192,8,1,0,0,0,0.986988597572919,1.00038562392154
"10","Control","Female","C/C",0,1,1,0,0,0,0.99368690080097,9,1,0,0,0,0.986015450618695,0.999571099226783
"11","Control","Male","C/C",0,0,1,0,0,0,1,0,1,0,0,0,1,1
"12","Control","Male","C/C",0,0,1,0,0,0,0.995181559990301,1,1,0,0,0,0.991545737595818,1.00031027215463
"13","Control","Male","C/C",0,0,1,0,0,0,0.994269970259859,2,1,0,0,0,0.989736594145972,1.00034838362685
"14","Control","Male","C/C",0,0,1,0,0,0,0.993708708740815,3,1,0,0,0,0.988698301570939,1.00038925848554
"15","Control","Male","C/C",0,0,1,0,0,0,0.99370870866836,4,1,0,0,0,0.988698301559183,1.00038925845554
"16","Control","Male","C/C",0,0,1,0,0,0,0.993708708461932,5,1,0,0,0,0.988698301525459,1.00038925837804
"17","Control","Male","C/C",0,0,1,0,0,0,0.993487080464832,6,1,0,0,0,0.988506604611292,1.00038925837804
"18","Control","Male","C/C",0,0,1,0,0,0,0.993138815715265,7,1,0,0,0,0.98796545889872,1.00038925837804
"19","Control","Male","C/C",0,0,1,0,0,0,0.99272291279187,8,1,0,0,0,0.985887606146904,1.00038925837804
"20","Control","Male","C/C",0,0,1,0,0,0,0.991550347721838,9,1,0,0,0,0.985196758018723,0.998737810978602
"21","Control","Female","G/G",0,1,0,0,0,1,1,0,0,0,0,1,1,1
"22","Control","Female","G/G",0,1,0,0,0,1,0.988240256836179,1,0,0,0,1,0.981341721692101,1.00084007219324
"23","Control","Female","G/G",0,1,0,0,0,1,0.986024712176527,2,0,0,0,1,0.977283555610275,1.00094686856441
"24","Control","Female","G/G",0,1,0,0,0,1,0.984662074942057,3,0,0,0,1,0.975891492934319,1.00105960572091
"25","Control","Female","G/G",0,1,0,0,0,1,0.984493890736706,4,0,0,0,1,0.975662582119577,1.00090528688742
"26","Control","Female","G/G",0,1,0,0,0,1,0.984014877976079,5,0,0,0,1,0.974860204243395,1.00051376875775
"27","Control","Female","G/G",0,1,0,0,0,1,0.983724126850875,6,0,0,0,1,0.974730766235169,1.00005446915966
"28","Control","Female","G/G",0,1,0,0,0,1,0.983267285050629,7,0,0,0,1,0.974538185810622,0.999528740634648
"29","Control","Female","G/G",0,1,0,0,0,1,0.982721785987594,8,0,0,0,1,0.972610576097778,0.998874183236443
"30","Control","Female","G/G",0,1,0,0,0,1,0.981797740097934,9,0,0,0,1,0.972594098024542,0.998028531378408
"31","Control","Male","G/G",0,0,0,0,0,1,1,0,0,0,0,1,1,1
"32","Control","Male","G/G",0,0,0,0,0,1,0.985755438992192,1,0,0,0,1,0.976452110773044,1.00084441910911
"33","Control","Male","G/G",0,0,0,0,0,1,0.983075775931063,2,0,0,0,1,0.971703654203796,1.00095226233378
"34","Control","Male","G/G",0,0,0,0,0,1,0.981428325810126,3,0,0,0,1,0.969576021611299,1.00106691760577
"35","Control","Male","G/G",0,0,0,0,0,1,0.980756388742869,4,0,0,0,1,0.969188035138866,1.00007388962047
"36","Control","Male","G/G",0,0,0,0,0,1,0.978844507710576,5,0,0,0,1,0.966627666523134,0.998369650648123
"37","Control","Male","G/G",0,0,0,0,0,1,0.978409039782203,6,0,0,0,1,0.966436576391981,0.998369650549555
"38","Control","Male","G/G",0,0,0,0,0,1,0.977724943643158,7,0,0,0,1,0.965991190384176,0.998369650432151
"39","Control","Male","G/G",0,0,0,0,0,1,0.976908298550344,8,0,0,0,1,0.964774994239384,0.998369650270436
"40","Control","Male","G/G",0,0,0,0,0,1,0.974601308046674,9,0,0,0,1,0.962931885392994,0.995838633225211
"41","Control","Female","C/G",0,1,0,1,0,0,1,0,0,1,0,0,1,1
"42","Control","Female","C/G",0,1,0,1,0,0,0.992539599561232,1,0,1,0,0,0.987389364045267,1.00063012114188
"43","Control","Female","C/G",0,1,0,1,0,0,0.991130415326344,2,0,1,0,0,0.985188398760968,1.00070701052291
"44","Control","Female","C/G",0,1,0,1,0,0,0.990263140773254,3,0,1,0,0,0.984007398243618,1.00079045435668
"45","Control","Female","C/G",0,1,0,1,0,0,0.990263140755157,4,0,1,0,0,0.984007398230844,1.00079045435227
"46","Control","Female","C/G",0,1,0,1,0,0,0.990263140703597,5,0,1,0,0,0.984007398202617,1.00079045434016
"47","Control","Female","C/G",0,1,0,1,0,0,0.990087201727165,6,0,1,0,0,0.983719023182265,1.00045469637899
"48","Control","Female","C/G",0,1,0,1,0,0,0.989810716268039,7,0,1,0,0,0.983700870125896,0.999755823465985
"49","Control","Female","C/G",0,1,0,1,0,0,0.989480507396335,8,0,1,0,0,0.98201646504192,0.999014215033416
"50","Control","Female","C/G",0,1,0,1,0,0,0.989480506957377,9,0,1,0,0,0.9820164643667,0.999014214527574
"51","Control","Male","C/G",0,0,0,1,0,0,1,0,0,1,0,0,1,1
"52","Control","Male","C/G",0,0,0,1,0,0,0.990959066535879,1,0,1,0,0,0.982588406584521,1.00063531273186
"53","Control","Male","C/G",0,0,0,1,0,0,0.989252957723382,2,0,1,0,0,0.980148326022513,1.00071361058912
"54","Control","Male","C/G",0,0,0,1,0,0,0.988203199155685,3,0,1,0,0,0.977452498076632,1.00079748031556
"55","Control","Male","C/G",0,0,0,1,0,0,0.988203199083277,4,0,1,0,0,0.97745249797805,1.00079748028543
"56","Control","Male","C/G",0,0,0,1,0,0,0.988203198876982,5,0,1,0,0,0.977452497779898,1.00079748020761
"57","Control","Male","C/G",0,0,0,1,0,0,0.987938840321801,6,0,1,0,0,0.977452497692788,1.00079748020501
"58","Control","Male","C/G",0,0,0,1,0,0,0.987523452826524,7,0,1,0,0,0.977418120004711,1.00079748020116
"59","Control","Male","C/G",0,0,0,1,0,0,0.987027428994319,8,0,1,0,0,0.976099755553682,1.00079748019656
"60","Control","Male","C/G",0,0,0,1,0,0,0.987027427893837,9,0,1,0,0,0.976099755202294,1.00079747998382
"61","Control","Female","G/C",0,1,0,0,1,0,1,0,0,0,1,0,1,1
"62","Control","Female","G/C",0,1,0,0,1,0,0.998205331427558,1,0,0,1,0,0.995682336546523,1.00001747520825
"63","Control","Female","G/C",0,1,0,0,1,0,0.997865188574068,2,0,0,1,0,0.995006420370167,1.00002062902228
"64","Control","Female","G/C",0,1,0,0,1,0,0.997655666777816,3,0,0,1,0,0.994558256622022,1.00002211434915
"65","Control","Female","G/C",0,1,0,0,1,0,0.997385962447386,4,0,0,1,0,0.993946824509928,0.999999999350137
"66","Control","Female","G/C",0,1,0,0,1,0,0.99661795295118,5,0,0,1,0,0.991563550433043,0.999999999050889
"67","Control","Female","G/C",0,1,0,0,1,0,0.996462362332662,6,0,0,1,0,0.991392427268253,0.999730110151278
"68","Control","Female","G/C",0,1,0,0,1,0,0.996217847235465,7,0,0,1,0,0.991294817961742,0.999458761142394
"69","Control","Female","G/C",0,1,0,0,1,0,0.995925809974763,8,0,0,1,0,0.991074870211843,0.999458761081942
"70","Control","Female","G/C",0,1,0,0,1,0,0.993947615418956,9,0,0,1,0,0.989019607243477,0.997741604026343
"71","Control","Male","G/C",0,0,0,0,1,0,1,0,0,0,1,0,1,1
"72","Control","Male","G/C",0,0,0,0,1,0,0.997823804074959,1,0,0,1,0,0.994637605786105,1.00002863062146
"73","Control","Male","G/C",0,0,0,0,1,0,0.997411444297363,2,0,0,1,0,0.993357583581003,1.00003403969928
"74","Control","Male","G/C",0,0,0,0,1,0,0.997157453080098,3,0,0,1,0,0.992903821154104,1.00003627732651
"75","Control","Male","G/C",0,0,0,0,1,0,0.996077069554564,4,0,0,1,0,0.991390942925488,0.999580944384453
"76","Control","Male","G/C",0,0,0,0,1,0,0.993005384525335,5,0,0,1,0,0.986530971767513,0.998876561189133
"77","Control","Male","G/C",0,0,0,0,1,0,0.992771961153191,6,0,0,1,0,0.98632969184744,0.99887121962257
"78","Control","Male","G/C",0,0,0,0,1,0,0.992405166908745,7,0,0,1,0,0.985809094116533,0.998550961097937
"79","Control","Male","G/C",0,0,0,0,1,0,0.99196714488388,8,0,0,1,0,0.984983711780151,0.998285315458519
"80","Control","Male","G/C",0,0,0,0,1,0,0.987022621537164,9,0,0,1,0,0.978408282593879,0.99439597533239
"81","Fungal","Female","C/C",1,1,1,0,0,0,1,0,1,0,0,0,1,1
"82","Fungal","Female","C/C",1,1,1,0,0,0,0.979950312524028,1,1,0,0,0,0.968264642756685,1.00108578650961
"83","Fungal","Female","C/C",1,1,1,0,0,0,0.976191858381277,2,1,0,0,0,0.963606728557457,1.00125620904388
"84","Fungal","Female","C/C",1,1,1,0,0,0,0.973883262173292,3,1,0,0,0,0.959904564195144,1.00140728068941
"85","Fungal","Female","C/C",1,1,1,0,0,0,0.968895228970186,4,1,0,0,0,0.954379453213521,0.996192004829912
"86","Fungal","Female","C/C",1,1,1,0,0,0,0.954823563900648,5,1,0,0,0,0.939091521505568,0.978454234847225
"87","Fungal","Female","C/C",1,1,1,0,0,0,0.895917860851512,6,1,0,0,0,0.873588080429368,0.921920171091065
"88","Fungal","Female","C/C",1,1,1,0,0,0,0.810585724181551,7,1,0,0,0,0.782853585017225,0.84409414704463
"89","Fungal","Female","C/C",1,1,1,0,0,0,0.719229280662273,8,1,0,0,0,0.687246966951923,0.763778802825913
"90","Fungal","Female","C/C",1,1,1,0,0,0,0.669102167033172,9,1,0,0,0,0.630309738322155,0.711891743546395
"91","Fungal","Male","C/C",1,0,1,0,0,0,1,0,1,0,0,0,1,1
"92","Fungal","Male","C/C",1,0,1,0,0,0,0.985334908003255,1,1,0,0,0,0.973619833072845,1.00085296618087
"93","Fungal","Male","C/C",1,0,1,0,0,0,0.982576836897168,2,1,0,0,0,0.968978497427473,1.00095809824007
"94","Fungal","Male","C/C",1,0,1,0,0,0,0.980881292653897,3,1,0,0,0,0.965182066232041,1.00107025050948
"95","Fungal","Male","C/C",1,0,1,0,0,0,0.979071002571933,4,1,0,0,0,0.96433102578888,0.998207161510713
"96","Fungal","Male","C/C",1,0,1,0,0,0,0.97393163987688,5,1,0,0,0,0.959931325865305,0.992175335557724
"97","Fungal","Male","C/C",1,0,1,0,0,0,0.962464876967142,6,1,0,0,0,0.948406698366521,0.978629870600739
"98","Fungal","Male","C/C",1,0,1,0,0,0,0.944713183825111,7,1,0,0,0,0.926619220695717,0.962013115947932
"99","Fungal","Male","C/C",1,0,1,0,0,0,0.923934399873294,8,1,0,0,0,0.899686153924217,0.949073707159947
"100","Fungal","Male","C/C",1,0,1,0,0,0,0.870103217610594,9,1,0,0,0,0.837056331841385,0.90460038124899
"101","Fungal","Female","G/G",1,1,0,0,0,1,1,0,0,0,0,1,1,1
"102","Fungal","Female","G/G",1,1,0,0,0,1,0.997545230606552,1,0,0,0,1,0.992646737681355,1.00003859458513
"103","Fungal","Female","G/G",1,1,0,0,0,1,0.997080162191573,2,0,0,0,1,0.991148798905388,1.00004640461839
"104","Fungal","Female","G/G",1,1,0,0,0,1,0.996793717580773,3,0,0,0,1,0.990374259222122,1.00004900802685
"105","Fungal","Female","G/G",1,1,0,0,0,1,0.995543283161223,4,0,0,0,1,0.988910147262721,0.999255744418284
"106","Fungal","Female","G/G",1,1,0,0,0,1,0.991989289795515,5,0,0,0,1,0.98238225956897,0.998397105037697
"107","Fungal","Female","G/G",1,1,0,0,0,1,0.979861559502278,6,0,0,0,1,0.970516214490215,0.987838096716419
"108","Fungal","Female","G/G",1,1,0,0,0,1,0.961097651758703,7,0,0,0,1,0.946307270623413,0.973556705165956
"109","Fungal","Female","G/G",1,1,0,0,0,1,0.939151359548562,8,0,0,0,1,0.916609675840006,0.958397120545601
"110","Fungal","Female","G/G",1,1,0,0,0,1,0.902291335173366,9,0,0,0,1,0.871918369081502,0.924935102141678
"111","Fungal","Male","G/G",1,0,0,0,0,1,1,0,0,0,0,1,1,1
"112","Fungal","Male","G/G",1,0,0,0,0,1,0.990166433619303,1,0,0,0,1,0.981001079405887,1.00052637879311
"113","Fungal","Male","G/G",1,0,0,0,0,1,0.98831163178435,2,0,0,0,1,0.976308683615016,1.0005914825692
"114","Fungal","Male","G/G",1,0,0,0,0,1,0.987170523306558,3,0,0,0,1,0.974294592732669,1.00066049041218
"115","Fungal","Male","G/G",1,0,0,0,0,1,0.986337209197271,4,0,0,0,1,0.97379694090743,1.00065383279021
"116","Fungal","Male","G/G",1,0,0,0,0,1,0.983966885689249,5,0,0,0,1,0.971171123292667,0.998824632078652
"117","Fungal","Male","G/G",1,0,0,0,0,1,0.983606450049252,6,0,0,0,1,0.970789845034463,0.998509155589868
"118","Fungal","Male","G/G",1,0,0,0,0,1,0.983040168271085,7,0,0,0,1,0.970261744698997,0.997904486512013
"119","Fungal","Male","G/G",1,0,0,0,0,1,0.982364073333871,8,0,0,0,1,0.9695682696975,0.996492012693497
"120","Fungal","Male","G/G",1,0,0,0,0,1,0.975953775601319,9,0,0,0,1,0.961539386000088,0.993699389132078
"121","Fungal","Female","C/G",1,1,0,1,0,0,1,0,0,1,0,0,1,1
"122","Fungal","Female","C/G",1,1,0,1,0,0,0.997337987512448,1,0,1,0,0,0.993022881342359,1.00000381335206
"123","Fungal","Female","C/G",1,1,0,1,0,0,0.99683371820251,2,0,1,0,0,0.991719052904289,1.00000458450449
"124","Fungal","Female","C/G",1,1,0,1,0,0,0.996523138898236,3,0,1,0,0,0.991264921352151,1.00000484156743
"125","Fungal","Female","C/G",1,1,0,1,0,0,0.993803237879791,4,0,1,0,0,0.987136453886363,0.999381413886965
"126","Fungal","Female","C/G",1,1,0,1,0,0,0.986094659084348,5,0,1,0,0,0.975676260771602,0.996559706354762
"127","Fungal","Female","C/G",1,1,0,1,0,0,0.966649679966641,6,0,1,0,0,0.95379316688942,0.97815501185646
"128","Fungal","Female","C/G",1,1,0,1,0,0,0.936857318661839,7,0,1,0,0,0.919990264625622,0.956241979728952
"129","Fungal","Female","C/G",1,1,0,1,0,0,0.902466459572104,8,0,1,0,0,0.878306245677396,0.92920772403782
"130","Fungal","Female","C/G",1,1,0,1,0,0,0.850307468453681,9,0,1,0,0,0.824556633694636,0.878492495685303
"131","Fungal","Male","C/G",1,0,0,1,0,0,1,0,0,1,0,0,1,1
"132","Fungal","Male","C/G",1,0,0,1,0,0,0.999999999505011,1,0,1,0,0,0.999999998743319,1.00000000001295
"133","Fungal","Male","C/G",1,0,0,1,0,0,0.999999999411095,2,0,1,0,0,0.999999998458746,1.0000000000146
"134","Fungal","Male","C/G",1,0,0,1,0,0,0.999999999353229,3,0,1,0,0,0.999999998329536,1.00000000001625
"135","Fungal","Male","C/G",1,0,0,1,0,0,0.998185046560817,4,0,1,0,0,0.994944280178395,0.999644933658626
"136","Fungal","Male","C/G",1,0,0,1,0,0,0.993032142505253,5,0,1,0,0,0.984321831902372,0.998259770782617
"137","Fungal","Male","C/G",1,0,0,1,0,0,0.991070256736727,6,0,1,0,0,0.982635301718874,0.997090718435826
"138","Fungal","Male","C/G",1,0,0,1,0,0,0.987994309688014,7,0,1,0,0,0.977915005596864,0.995466865966648
"139","Fungal","Male","C/G",1,0,0,1,0,0,0.984332067445197,8,0,1,0,0,0.973813777411634,0.993089976027724
"140","Fungal","Male","C/G",1,0,0,1,0,0,0.9773755515214,9,0,1,0,0,0.963461951316757,0.987823813484138
"141","Fungal","Female","G/C",1,1,0,0,1,0,1,0,0,0,1,0,1,1
"142","Fungal","Female","G/C",1,1,0,0,1,0,0.992510394282405,1,0,0,1,0,0.984950201648996,1.00071666965776
"143","Fungal","Female","G/C",1,1,0,0,1,0,0.991095718292596,2,0,0,1,0,0.981641793541254,1.00086419526584
"144","Fungal","Female","G/C",1,1,0,0,1,0,0.9902250677979,3,0,0,1,0,0.980444224815285,1.00091488081854
"145","Fungal","Female","G/C",1,1,0,0,1,0,0.986391255736812,4,0,0,1,0,0.976667419983568,0.997374184904206
"146","Fungal","Female","G/C",1,1,0,0,1,0,0.975549612195427,5,0,0,1,0,0.960841589635129,0.989655639248568
"147","Fungal","Female","G/C",1,1,0,0,1,0,0.910862113105334,6,0,0,1,0,0.889516160878512,0.927747767169093
"148","Fungal","Female","G/C",1,1,0,0,1,0,0.817743001928879,7,0,0,1,0,0.786662431972371,0.841512569637502
"149","Fungal","Female","G/C",1,1,0,0,1,0,0.718891426995117,8,0,0,1,0,0.681852342414306,0.753333373549038
"150","Fungal","Female","G/C",1,1,0,0,1,0,0.655199682391164,9,0,0,1,0,0.617041524908762,0.692526244198894
"151","Fungal","Male","G/C",1,0,0,0,1,0,1,0,0,0,1,0,1,1
"152","Fungal","Male","G/C",1,0,0,0,1,0,0.995002272870354,1,0,0,1,0,0.989297155467155,1.00025300028902
"153","Fungal","Male","G/C",1,0,0,0,1,0,0.994056865616067,2,0,0,1,0,0.986637120244603,1.00029215675023
"154","Fungal","Male","G/C",1,0,0,0,1,0,0.993474798886214,3,0,0,1,0,0.985334964891635,1.00032727262568
"155","Fungal","Male","G/C",1,0,0,0,1,0,0.992625819352343,4,0,0,1,0,0.984389650547376,0.999528593879377
"156","Fungal","Male","G/C",1,0,0,0,1,0,0.990210984683895,5,0,0,1,0,0.980426280166973,0.997814293553466
"157","Fungal","Male","G/C",1,0,0,0,1,0,0.979403756765645,6,0,0,1,0,0.968223430894546,0.9883988865724
"158","Fungal","Male","G/C",1,0,0,0,1,0,0.962654393196072,7,0,0,1,0,0.944188994665959,0.975160343091169
"159","Fungal","Male","G/C",1,0,0,0,1,0,0.943019452426401,8,0,0,1,0,0.921721308647562,0.961013769013973
"160","Fungal","Male","G/C",1,0,0,0,1,0,0.884294256837422,9,0,0,1,0,0.853149331607507,0.910438731849419
